# source: NIFTY 50 index list (ind_nifty50list.csv), fetched from NSE 2026-09-07T03:52:34Z
# series resolved against XNSE-FYERS on 20260907, not NSE's own Series column:
#   the index file states a nominal series, the contract master states what trades
# 50 symbol(s)
NSE:ADANIENT-EQ
NSE:ADANIPORTS-EQ
NSE:APOLLOHOSP-EQ
NSE:ASIANPAINT-EQ
NSE:AXISBANK-EQ
NSE:BAJAJ-AUTO-EQ
NSE:BAJFINANCE-EQ
NSE:BAJAJFINSV-EQ
NSE:BEL-EQ
NSE:BHARTIARTL-EQ
NSE:CIPLA-EQ
NSE:COALINDIA-EQ
NSE:DRREDDY-EQ
NSE:EICHERMOT-EQ
NSE:ETERNAL-EQ
NSE:GRASIM-EQ
NSE:HCLTECH-EQ
NSE:HDFCBANK-EQ
NSE:HDFCLIFE-EQ
NSE:HINDALCO-EQ
NSE:HINDUNILVR-EQ
NSE:ICICIBANK-EQ
NSE:ITC-EQ
NSE:INFY-EQ
NSE:INDIGO-EQ
NSE:JSWSTEEL-EQ
NSE:JIOFIN-EQ
NSE:KOTAKBANK-EQ
NSE:LT-EQ
NSE:M&M-EQ
NSE:MARUTI-EQ
NSE:MAXHEALTH-EQ
NSE:NTPC-EQ
NSE:NESTLEIND-EQ
NSE:ONGC-EQ
NSE:POWERGRID-EQ
NSE:RELIANCE-EQ
NSE:SBILIFE-EQ
NSE:SHRIRAMFIN-EQ
NSE:SBIN-EQ
NSE:SUNPHARMA-EQ
NSE:TCS-EQ
NSE:TATACONSUM-EQ
NSE:TMPV-EQ
NSE:TATASTEEL-EQ
NSE:TECHM-EQ
NSE:TITAN-EQ
NSE:TRENT-EQ
NSE:ULTRACEMCO-EQ
NSE:WIPRO-EQ
