date,exchange,scriptDetails,scriptInstrumentType,scriptInstrumentType2,multiplier,lotSize,tickSize,ISIN,tradingSessionUTC,expiration,script,scriptToken,underlying_root,underlying,strike,optionType,currency
20260713,XIMC,360ONE 28 Jul 26 FUT,FUTSTK,FUTURE,100,500,10,,0345-1000|1245-1345,1785232800000000000,NSE:360ONE26JULFUT,61095,360ONE,360ONE,0,,INR
20260713,XIMC,ABB 28 Jul 26 FUT,FUTSTK,FUTURE,100,125,50,,0345-1000|1245-1345,1785232800000000000,NSE:ABB26JULFUT,61096,ABB,ABB,0,,INR
20260713,XIMC,ABCAPITAL 28 Jul 26 FUT,FUTSTK,FUTURE,100,3100,5,,0345-1000|1245-1345,1785232800000000000,NSE:ABCAPITAL26JULFUT,61097,ABCAPITAL,ABCAPITAL,0,,INR
20260713,XIMC,ADANIENSOL 28 Jul 26 FUT,FUTSTK,FUTURE,100,675,10,,0345-1000|1245-1345,1785232800000000000,NSE:ADANIENSOL26JULFUT,61098,ADANIENSOL,ADANIENSOL,0,,INR
20260713,XIMC,ADANIENT 28 Jul 26 FUT,FUTSTK,FUTURE,100,309,10,,0345-1000|1245-1345,1785232800000000000,NSE:ADANIENT26JULFUT,61099,ADANIENT,ADANIENT,0,,INR
20260713,XIMC,ADANIGREEN 28 Jul 26 FUT,FUTSTK,FUTURE,100,600,10,,0345-1000|1245-1345,1785232800000000000,NSE:ADANIGREEN26JULFUT,61100,ADANIGREEN,ADANIGREEN,0,,INR
20260713,XIMC,ADANIPORTS 28 Jul 26 FUT,FUTSTK,FUTURE,100,475,10,,0345-1000|1245-1345,1785232800000000000,NSE:ADANIPORTS26JULFUT,61101,ADANIPORTS,ADANIPORTS,0,,INR
20260713,XIMC,ADANIPOWER 28 Jul 26 FUT,FUTSTK,FUTURE,100,3550,1,,0345-1000|1245-1345,1785232800000000000,NSE:ADANIPOWER26JULFUT,61102,ADANIPOWER,ADANIPOWER,0,,INR
20260713,XIMC,ALKEM 28 Jul 26 FUT,FUTSTK,FUTURE,100,125,50,,0345-1000|1245-1345,1785232800000000000,NSE:ALKEM26JULFUT,61103,ALKEM,ALKEM,0,,INR
20260713,XIMC,AMBER 28 Jul 26 FUT,FUTSTK,FUTURE,100,100,50,,0345-1000|1245-1345,1785232800000000000,NSE:AMBER26JULFUT,61104,AMBER,AMBER,0,,INR
20260713,XIMC,AMBUJACEM 28 Jul 26 FUT,FUTSTK,FUTURE,100,1200,5,,0345-1000|1245-1345,1785232800000000000,NSE:AMBUJACEM26JULFUT,61105,AMBUJACEM,AMBUJACEM,0,,INR
20260713,XIMC,ANGELONE 28 Jul 26 FUT,FUTSTK,FUTURE,100,2500,5,,0345-1000|1245-1345,1785232800000000000,NSE:ANGELONE26JULFUT,61106,ANGELONE,ANGELONE,0,,INR
20260713,XIMC,APLAPOLLO 28 Jul 26 FUT,FUTSTK,FUTURE,100,350,10,,0345-1000|1245-1345,1785232800000000000,NSE:APLAPOLLO26JULFUT,61107,APLAPOLLO,APLAPOLLO,0,,INR
20260713,XIMC,APOLLOHOSP 28 Jul 26 FUT,FUTSTK,FUTURE,100,125,50,,0345-1000|1245-1345,1785232800000000000,NSE:APOLLOHOSP26JULFUT,61108,APOLLOHOSP,APOLLOHOSP,0,,INR
20260713,XIMC,ASHOKLEY 28 Jul 26 FUT,FUTSTK,FUTURE,100,5000,1,,0345-1000|1245-1345,1785232800000000000,NSE:ASHOKLEY26JULFUT,61109,ASHOKLEY,ASHOKLEY,0,,INR
20260713,XIMC,ASIANPAINT 28 Jul 26 FUT,FUTSTK,FUTURE,100,250,10,,0345-1000|1245-1345,1785232800000000000,NSE:ASIANPAINT26JULFUT,61110,ASIANPAINT,ASIANPAINT,0,,INR
20260713,XIMC,ASTRAL 28 Jul 26 FUT,FUTSTK,FUTURE,100,425,10,,0345-1000|1245-1345,1785232800000000000,NSE:ASTRAL26JULFUT,61111,ASTRAL,ASTRAL,0,,INR
20260713,XIMC,AUBANK 28 Jul 26 FUT,FUTSTK,FUTURE,100,1000,10,,0345-1000|1245-1345,1785232800000000000,NSE:AUBANK26JULFUT,61112,AUBANK,AUBANK,0,,INR
20260713,XIMC,AUROPHARMA 28 Jul 26 FUT,FUTSTK,FUTURE,100,550,10,,0345-1000|1245-1345,1785232800000000000,NSE:AUROPHARMA26JULFUT,61113,AUROPHARMA,AUROPHARMA,0,,INR
20260713,XIMC,AXISBANK 28 Jul 26 FUT,FUTSTK,FUTURE,100,625,10,,0345-1000|1245-1345,1785232800000000000,NSE:AXISBANK26JULFUT,61114,AXISBANK,AXISBANK,0,,INR
20260713,XIMC,BAJAJ-AUTO 28 Jul 26 FUT,FUTSTK,FUTURE,100,75,50,,0345-1000|1245-1345,1785232800000000000,NSE:BAJAJ-AUTO26JULFUT,61115,BAJAJ-AUTO,BAJAJ-AUTO,0,,INR
20260713,XIMC,BAJAJFINSV 28 Jul 26 FUT,FUTSTK,FUTURE,100,300,10,,0345-1000|1245-1345,1785232800000000000,NSE:BAJAJFINSV26JULFUT,61116,BAJAJFINSV,BAJAJFINSV,0,,INR
20260713,XIMC,BAJAJHLDNG 28 Jul 26 FUT,FUTSTK,FUTURE,100,75,100,,0345-1000|1245-1345,1785232800000000000,NSE:BAJAJHLDNG26JULFUT,61117,BAJAJHLDNG,BAJAJHLDNG,0,,INR
20260713,XIMC,BAJFINANCE 28 Jul 26 FUT,FUTSTK,FUTURE,100,750,10,,0345-1000|1245-1345,1785232800000000000,NSE:BAJFINANCE26JULFUT,61118,BAJFINANCE,BAJFINANCE,0,,INR
20260713,XIMC,BANDHANBNK 28 Jul 26 FUT,FUTSTK,FUTURE,100,3600,1,,0345-1000|1245-1345,1785232800000000000,NSE:BANDHANBNK26JULFUT,61121,BANDHANBNK,BANDHANBNK,0,,INR
20260713,XIMC,BANKBARODA 28 Jul 26 FUT,FUTSTK,FUTURE,100,2925,5,,0345-1000|1245-1345,1785232800000000000,NSE:BANKBARODA26JULFUT,61122,BANKBARODA,BANKBARODA,0,,INR
20260713,XIMC,BANKINDIA 28 Jul 26 FUT,FUTSTK,FUTURE,100,5200,1,,0345-1000|1245-1345,1785232800000000000,NSE:BANKINDIA26JULFUT,61123,BANKINDIA,BANKINDIA,0,,INR
20260713,XIMC,BDL 28 Jul 26 FUT,FUTSTK,FUTURE,100,425,10,,0345-1000|1245-1345,1785232800000000000,NSE:BDL26JULFUT,61124,BDL,BDL,0,,INR
20260713,XIMC,BEL 28 Jul 26 FUT,FUTSTK,FUTURE,100,1425,5,,0345-1000|1245-1345,1785232800000000000,NSE:BEL26JULFUT,61125,BEL,BEL,0,,INR
20260713,XIMC,BHARATFORG 28 Jul 26 FUT,FUTSTK,FUTURE,100,500,10,,0345-1000|1245-1345,1785232800000000000,NSE:BHARATFORG26JULFUT,61126,BHARATFORG,BHARATFORG,0,,INR
20260713,XIMC,BHARTIARTL 28 Jul 26 FUT,FUTSTK,FUTURE,100,475,10,,0345-1000|1245-1345,1785232800000000000,NSE:BHARTIARTL26JULFUT,61127,BHARTIARTL,BHARTIARTL,0,,INR
20260713,XIMC,BHEL 28 Jul 26 FUT,FUTSTK,FUTURE,100,2625,5,,0345-1000|1245-1345,1785232800000000000,NSE:BHEL26JULFUT,61128,BHEL,BHEL,0,,INR
20260713,XIMC,BIOCON 28 Jul 26 FUT,FUTSTK,FUTURE,100,2500,5,,0345-1000|1245-1345,1785232800000000000,NSE:BIOCON26JULFUT,61129,BIOCON,BIOCON,0,,INR
20260713,XIMC,BLUESTARCO 28 Jul 26 FUT,FUTSTK,FUTURE,100,325,10,,0345-1000|1245-1345,1785232800000000000,NSE:BLUESTARCO26JULFUT,61130,BLUESTARCO,BLUESTARCO,0,,INR
20260713,XIMC,BOSCHLTD 28 Jul 26 FUT,FUTSTK,FUTURE,100,25,500,,0345-1000|1245-1345,1785232800000000000,NSE:BOSCHLTD26JULFUT,61131,BOSCHLTD,BOSCHLTD,0,,INR
20260713,XIMC,BPCL 28 Jul 26 FUT,FUTSTK,FUTURE,100,1975,5,,0345-1000|1245-1345,1785232800000000000,NSE:BPCL26JULFUT,61132,BPCL,BPCL,0,,INR
20260713,XIMC,BRITANNIA 28 Jul 26 FUT,FUTSTK,FUTURE,100,125,50,,0345-1000|1245-1345,1785232800000000000,NSE:BRITANNIA26JULFUT,61133,BRITANNIA,BRITANNIA,0,,INR
20260713,XIMC,BSE 28 Jul 26 FUT,FUTSTK,FUTURE,100,200,10,,0345-1000|1245-1345,1785232800000000000,NSE:BSE26JULFUT,61134,BSE,BSE,0,,INR
20260713,XIMC,CAMS 28 Jul 26 FUT,FUTSTK,FUTURE,100,825,5,,0345-1000|1245-1345,1785232800000000000,NSE:CAMS26JULFUT,61135,CAMS,CAMS,0,,INR
20260713,XIMC,CANBK 28 Jul 26 FUT,FUTSTK,FUTURE,100,6750,1,,0345-1000|1245-1345,1785232800000000000,NSE:CANBK26JULFUT,61136,CANBK,CANBK,0,,INR
20260713,XIMC,CDSL 28 Jul 26 FUT,FUTSTK,FUTURE,100,475,10,,0345-1000|1245-1345,1785232800000000000,NSE:CDSL26JULFUT,61139,CDSL,CDSL,0,,INR
20260713,XIMC,CGPOWER 28 Jul 26 FUT,FUTSTK,FUTURE,100,850,5,,0345-1000|1245-1345,1785232800000000000,NSE:CGPOWER26JULFUT,61140,CGPOWER,CGPOWER,0,,INR
20260713,XIMC,CHOLAFIN 28 Jul 26 FUT,FUTSTK,FUTURE,100,625,10,,0345-1000|1245-1345,1785232800000000000,NSE:CHOLAFIN26JULFUT,61141,CHOLAFIN,CHOLAFIN,0,,INR
20260713,XIMC,CIPLA 28 Jul 26 FUT,FUTSTK,FUTURE,100,425,10,,0345-1000|1245-1345,1785232800000000000,NSE:CIPLA26JULFUT,61142,CIPLA,CIPLA,0,,INR
20260713,XIMC,COALINDIA 28 Jul 26 FUT,FUTSTK,FUTURE,100,1350,5,,0345-1000|1245-1345,1785232800000000000,NSE:COALINDIA26JULFUT,61143,COALINDIA,COALINDIA,0,,INR
20260713,XIMC,COCHINSHIP 28 Jul 26 FUT,FUTSTK,FUTURE,100,400,10,,0345-1000|1245-1345,1785232800000000000,NSE:COCHINSHIP26JULFUT,61144,COCHINSHIP,COCHINSHIP,0,,INR
20260713,XIMC,COFORGE 28 Jul 26 FUT,FUTSTK,FUTURE,100,475,10,,0345-1000|1245-1345,1785232800000000000,NSE:COFORGE26JULFUT,61145,COFORGE,COFORGE,0,,INR
20260713,XIMC,COLPAL 28 Jul 26 FUT,FUTSTK,FUTURE,100,275,10,,0345-1000|1245-1345,1785232800000000000,NSE:COLPAL26JULFUT,61146,COLPAL,COLPAL,0,,INR
20260713,XIMC,CONCOR 28 Jul 26 FUT,FUTSTK,FUTURE,100,1250,5,,0345-1000|1245-1345,1785232800000000000,NSE:CONCOR26JULFUT,61149,CONCOR,CONCOR,0,,INR
20260713,XIMC,CROMPTON 28 Jul 26 FUT,FUTSTK,FUTURE,100,2150,5,,0345-1000|1245-1345,1785232800000000000,NSE:CROMPTON26JULFUT,61150,CROMPTON,CROMPTON,0,,INR
20260713,XIMC,CUMMINSIND 28 Jul 26 FUT,FUTSTK,FUTURE,100,200,50,,0345-1000|1245-1345,1785232800000000000,NSE:CUMMINSIND26JULFUT,61151,CUMMINSIND,CUMMINSIND,0,,INR
20260713,XIMC,DABUR 28 Jul 26 FUT,FUTSTK,FUTURE,100,1250,5,,0345-1000|1245-1345,1785232800000000000,NSE:DABUR26JULFUT,61152,DABUR,DABUR,0,,INR
20260713,XIMC,DALBHARAT 28 Jul 26 FUT,FUTSTK,FUTURE,100,325,10,,0345-1000|1245-1345,1785232800000000000,NSE:DALBHARAT26JULFUT,61157,DALBHARAT,DALBHARAT,0,,INR
20260713,XIMC,DELHIVERY 28 Jul 26 FUT,FUTSTK,FUTURE,100,2075,5,,0345-1000|1245-1345,1785232800000000000,NSE:DELHIVERY26JULFUT,61158,DELHIVERY,DELHIVERY,0,,INR
20260713,XIMC,DIVISLAB 28 Jul 26 FUT,FUTSTK,FUTURE,100,100,50,,0345-1000|1245-1345,1785232800000000000,NSE:DIVISLAB26JULFUT,61159,DIVISLAB,DIVISLAB,0,,INR
20260713,XIMC,DIXON 28 Jul 26 FUT,FUTSTK,FUTURE,100,50,100,,0345-1000|1245-1345,1785232800000000000,NSE:DIXON26JULFUT,61160,DIXON,DIXON,0,,INR
20260713,XIMC,DLF 28 Jul 26 FUT,FUTSTK,FUTURE,100,950,5,,0345-1000|1245-1345,1785232800000000000,NSE:DLF26JULFUT,61161,DLF,DLF,0,,INR
20260713,XIMC,DMART 28 Jul 26 FUT,FUTSTK,FUTURE,100,150,10,,0345-1000|1245-1345,1785232800000000000,NSE:DMART26JULFUT,61162,DMART,DMART,0,,INR
20260713,XIMC,DRREDDY 28 Jul 26 FUT,FUTSTK,FUTURE,100,625,10,,0345-1000|1245-1345,1785232800000000000,NSE:DRREDDY26JULFUT,61163,DRREDDY,DRREDDY,0,,INR
20260713,XIMC,EICHERMOT 28 Jul 26 FUT,FUTSTK,FUTURE,100,100,50,,0345-1000|1245-1345,1785232800000000000,NSE:EICHERMOT26JULFUT,61164,EICHERMOT,EICHERMOT,0,,INR
20260713,XIMC,ETERNAL 28 Jul 26 FUT,FUTSTK,FUTURE,100,2425,5,,0345-1000|1245-1345,1785232800000000000,NSE:ETERNAL26JULFUT,61165,ETERNAL,ETERNAL,0,,INR
20260713,XIMC,EXIDEIND 28 Jul 26 FUT,FUTSTK,FUTURE,100,1800,5,,0345-1000|1245-1345,1785232800000000000,NSE:EXIDEIND26JULFUT,61166,EXIDEIND,EXIDEIND,0,,INR
20260713,XIMC,FEDERALBNK 28 Jul 26 FUT,FUTSTK,FUTURE,100,2500,5,,0345-1000|1245-1345,1785232800000000000,NSE:FEDERALBNK26JULFUT,61167,FEDERALBNK,FEDERALBNK,0,,INR
20260713,XIMC,FORCEMOT 28 Jul 26 FUT,FUTSTK,FUTURE,100,25,100,,0345-1000|1245-1345,1785232800000000000,NSE:FORCEMOT26JULFUT,61168,FORCEMOT,FORCEMOT,0,,INR
20260713,XIMC,FORTIS 28 Jul 26 FUT,FUTSTK,FUTURE,100,775,5,,0345-1000|1245-1345,1785232800000000000,NSE:FORTIS26JULFUT,61169,FORTIS,FORTIS,0,,INR
20260713,XIMC,GAIL 28 Jul 26 FUT,FUTSTK,FUTURE,100,3550,1,,0345-1000|1245-1345,1785232800000000000,NSE:GAIL26JULFUT,61170,GAIL,GAIL,0,,INR
20260713,XIMC,GLENMARK 28 Jul 26 FUT,FUTSTK,FUTURE,100,375,10,,0345-1000|1245-1345,1785232800000000000,NSE:GLENMARK26JULFUT,61171,GLENMARK,GLENMARK,0,,INR
20260713,XIMC,GMRAIRPORT 28 Jul 26 FUT,FUTSTK,FUTURE,100,6975,1,,0345-1000|1245-1345,1785232800000000000,NSE:GMRAIRPORT26JULFUT,61178,GMRAIRPORT,GMRAIRPORT,0,,INR
20260713,XIMC,GODFRYPHLP 28 Jul 26 FUT,FUTSTK,FUTURE,100,275,10,,0345-1000|1245-1345,1785232800000000000,NSE:GODFRYPHLP26JULFUT,61179,GODFRYPHLP,GODFRYPHLP,0,,INR
20260713,XIMC,GODREJCP 28 Jul 26 FUT,FUTSTK,FUTURE,100,500,10,,0345-1000|1245-1345,1785232800000000000,NSE:GODREJCP26JULFUT,61182,GODREJCP,GODREJCP,0,,INR
20260713,XIMC,GODREJPROP 28 Jul 26 FUT,FUTSTK,FUTURE,100,325,10,,0345-1000|1245-1345,1785232800000000000,NSE:GODREJPROP26JULFUT,61183,GODREJPROP,GODREJPROP,0,,INR
20260713,XIMC,GRASIM 28 Jul 26 FUT,FUTSTK,FUTURE,100,250,10,,0345-1000|1245-1345,1785232800000000000,NSE:GRASIM26JULFUT,61184,GRASIM,GRASIM,0,,INR
20260713,XIMC,HAL 28 Jul 26 FUT,FUTSTK,FUTURE,100,150,10,,0345-1000|1245-1345,1785232800000000000,NSE:HAL26JULFUT,61185,HAL,HAL,0,,INR
20260713,XIMC,HAVELLS 28 Jul 26 FUT,FUTSTK,FUTURE,100,500,10,,0345-1000|1245-1345,1785232800000000000,NSE:HAVELLS26JULFUT,61186,HAVELLS,HAVELLS,0,,INR
20260713,XIMC,HCLTECH 28 Jul 26 FUT,FUTSTK,FUTURE,100,400,10,,0345-1000|1245-1345,1785232800000000000,NSE:HCLTECH26JULFUT,61187,HCLTECH,HCLTECH,0,,INR
20260713,XIMC,HDFCAMC 28 Jul 26 FUT,FUTSTK,FUTURE,100,300,10,,0345-1000|1245-1345,1785232800000000000,NSE:HDFCAMC26JULFUT,61188,HDFCAMC,HDFCAMC,0,,INR
20260713,XIMC,HDFCBANK 28 Jul 26 FUT,FUTSTK,FUTURE,100,650,5,,0345-1000|1245-1345,1785232800000000000,NSE:HDFCBANK26JULFUT,61189,HDFCBANK,HDFCBANK,0,,INR
20260713,XIMC,HDFCLIFE 28 Jul 26 FUT,FUTSTK,FUTURE,100,1100,5,,0345-1000|1245-1345,1785232800000000000,NSE:HDFCLIFE26JULFUT,61190,HDFCLIFE,HDFCLIFE,0,,INR
20260713,XIMC,HEROMOTOCO 28 Jul 26 FUT,FUTSTK,FUTURE,100,150,10,,0345-1000|1245-1345,1785232800000000000,NSE:HEROMOTOCO26JULFUT,61191,HEROMOTOCO,HEROMOTOCO,0,,INR
20260713,XIMC,HINDALCO 28 Jul 26 FUT,FUTSTK,FUTURE,100,700,5,,0345-1000|1245-1345,1785232800000000000,NSE:HINDALCO26JULFUT,61192,HINDALCO,HINDALCO,0,,INR
20260713,XIMC,HINDPETRO 28 Jul 26 FUT,FUTSTK,FUTURE,100,2025,5,,0345-1000|1245-1345,1785232800000000000,NSE:HINDPETRO26JULFUT,61193,HINDPETRO,HINDPETRO,0,,INR
20260713,XIMC,HINDUNILVR 28 Jul 26 FUT,FUTSTK,FUTURE,100,300,10,,0345-1000|1245-1345,1785232800000000000,NSE:HINDUNILVR26JULFUT,61194,HINDUNILVR,HINDUNILVR,0,,INR
20260713,XIMC,HINDZINC 28 Jul 26 FUT,FUTSTK,FUTURE,100,1225,5,,0345-1000|1245-1345,1785232800000000000,NSE:HINDZINC26JULFUT,61195,HINDZINC,HINDZINC,0,,INR
20260713,XIMC,HYUNDAI 28 Jul 26 FUT,FUTSTK,FUTURE,100,275,10,,0345-1000|1245-1345,1785232800000000000,NSE:HYUNDAI26JULFUT,61196,HYUNDAI,HYUNDAI,0,,INR
20260713,XIMC,ICICIBANK 28 Jul 26 FUT,FUTSTK,FUTURE,100,700,10,,0345-1000|1245-1345,1785232800000000000,NSE:ICICIBANK26JULFUT,61197,ICICIBANK,ICICIBANK,0,,INR
20260713,XIMC,ICICIGI 28 Jul 26 FUT,FUTSTK,FUTURE,100,325,10,,0345-1000|1245-1345,1785232800000000000,NSE:ICICIGI26JULFUT,61198,ICICIGI,ICICIGI,0,,INR
20260713,XIMC,ICICIPRULI 28 Jul 26 FUT,FUTSTK,FUTURE,100,925,5,,0345-1000|1245-1345,1785232800000000000,NSE:ICICIPRULI26JULFUT,61199,ICICIPRULI,ICICIPRULI,0,,INR
20260713,XIMC,IDEA 28 Jul 26 FUT,FUTSTK,FUTURE,100,71475,1,,0345-1000|1245-1345,1785232800000000000,NSE:IDEA26JULFUT,61200,IDEA,IDEA,0,,INR
20260713,XIMC,IDFCFIRSTB 28 Jul 26 FUT,FUTSTK,FUTURE,100,9275,1,,0345-1000|1245-1345,1785232800000000000,NSE:IDFCFIRSTB26JULFUT,61201,IDFCFIRSTB,IDFCFIRSTB,0,,INR
20260713,XIMC,IEX 28 Jul 26 FUT,FUTSTK,FUTURE,100,4350,1,,0345-1000|1245-1345,1785232800000000000,NSE:IEX26JULFUT,61202,IEX,IEX,0,,INR
20260713,XIMC,INDHOTEL 28 Jul 26 FUT,FUTSTK,FUTURE,100,1000,5,,0345-1000|1245-1345,1785232800000000000,NSE:INDHOTEL26JULFUT,61203,INDHOTEL,INDHOTEL,0,,INR
20260713,XIMC,INDIANB 28 Jul 26 FUT,FUTSTK,FUTURE,100,1000,5,,0345-1000|1245-1345,1785232800000000000,NSE:INDIANB26JULFUT,61204,INDIANB,INDIANB,0,,INR
20260713,XIMC,INDIGO 28 Jul 26 FUT,FUTSTK,FUTURE,100,150,50,,0345-1000|1245-1345,1785232800000000000,NSE:INDIGO26JULFUT,61205,INDIGO,INDIGO,0,,INR
20260713,XIMC,INDUSINDBK 28 Jul 26 FUT,FUTSTK,FUTURE,100,700,5,,0345-1000|1245-1345,1785232800000000000,NSE:INDUSINDBK26JULFUT,61206,INDUSINDBK,INDUSINDBK,0,,INR
20260713,XIMC,INDUSTOWER 28 Jul 26 FUT,FUTSTK,FUTURE,100,1700,5,,0345-1000|1245-1345,1785232800000000000,NSE:INDUSTOWER26JULFUT,61207,INDUSTOWER,INDUSTOWER,0,,INR
20260713,XIMC,INFY 28 Jul 26 FUT,FUTSTK,FUTURE,100,400,10,,0345-1000|1245-1345,1785232800000000000,NSE:INFY26JULFUT,61209,INFY,INFY,0,,INR
20260713,XIMC,INOXWIND 28 Jul 26 FUT,FUTSTK,FUTURE,100,6400,1,,0345-1000|1245-1345,1785232800000000000,NSE:INOXWIND26JULFUT,61210,INOXWIND,INOXWIND,0,,INR
20260713,XIMC,IOC 28 Jul 26 FUT,FUTSTK,FUTURE,100,4875,1,,0345-1000|1245-1345,1785232800000000000,NSE:IOC26JULFUT,61213,IOC,IOC,0,,INR
20260713,XIMC,IREDA 28 Jul 26 FUT,FUTSTK,FUTURE,100,4525,1,,0345-1000|1245-1345,1785232800000000000,NSE:IREDA26JULFUT,61214,IREDA,IREDA,0,,INR
20260713,XIMC,IRFC 28 Jul 26 FUT,FUTSTK,FUTURE,100,5425,1,,0345-1000|1245-1345,1785232800000000000,NSE:IRFC26JULFUT,61215,IRFC,IRFC,0,,INR
20260713,XIMC,ITC 28 Jul 26 FUT,FUTSTK,FUTURE,100,1725,5,,0345-1000|1245-1345,1785232800000000000,NSE:ITC26JULFUT,61216,ITC,ITC,0,,INR
20260713,XIMC,JINDALSTEL 28 Jul 26 FUT,FUTSTK,FUTURE,100,625,10,,0345-1000|1245-1345,1785232800000000000,NSE:JINDALSTEL26JULFUT,61217,JINDALSTEL,JINDALSTEL,0,,INR
20260713,XIMC,JIOFIN 28 Jul 26 FUT,FUTSTK,FUTURE,100,2350,1,,0345-1000|1245-1345,1785232800000000000,NSE:JIOFIN26JULFUT,61218,JIOFIN,JIOFIN,0,,INR
20260713,XIMC,JSWENERGY 28 Jul 26 FUT,FUTSTK,FUTURE,100,1075,5,,0345-1000|1245-1345,1785232800000000000,NSE:JSWENERGY26JULFUT,61219,JSWENERGY,JSWENERGY,0,,INR
20260713,XIMC,JSWSTEEL 28 Jul 26 FUT,FUTSTK,FUTURE,100,675,10,,0345-1000|1245-1345,1785232800000000000,NSE:JSWSTEEL26JULFUT,61220,JSWSTEEL,JSWSTEEL,0,,INR
20260713,XIMC,JUBLFOOD 28 Jul 26 FUT,FUTSTK,FUTURE,100,1250,5,,0345-1000|1245-1345,1785232800000000000,NSE:JUBLFOOD26JULFUT,61221,JUBLFOOD,JUBLFOOD,0,,INR
20260713,XIMC,KALYANKJIL 28 Jul 26 FUT,FUTSTK,FUTURE,100,1350,5,,0345-1000|1245-1345,1785232800000000000,NSE:KALYANKJIL26JULFUT,61222,KALYANKJIL,KALYANKJIL,0,,INR
20260713,XIMC,KAYNES 28 Jul 26 FUT,FUTSTK,FUTURE,100,150,10,,0345-1000|1245-1345,1785232800000000000,NSE:KAYNES26JULFUT,61223,KAYNES,KAYNES,0,,INR
20260713,XIMC,KEI 28 Jul 26 FUT,FUTSTK,FUTURE,100,175,50,,0345-1000|1245-1345,1785232800000000000,NSE:KEI26JULFUT,61224,KEI,KEI,0,,INR
20260713,XIMC,KFINTECH 28 Jul 26 FUT,FUTSTK,FUTURE,100,575,5,,0345-1000|1245-1345,1785232800000000000,NSE:KFINTECH26JULFUT,61225,KFINTECH,KFINTECH,0,,INR
20260713,XIMC,KOTAKBANK 28 Jul 26 FUT,FUTSTK,FUTURE,100,2000,5,,0345-1000|1245-1345,1785232800000000000,NSE:KOTAKBANK26JULFUT,61226,KOTAKBANK,KOTAKBANK,0,,INR
20260713,XIMC,KPITTECH 28 Jul 26 FUT,FUTSTK,FUTURE,100,775,5,,0345-1000|1245-1345,1785232800000000000,NSE:KPITTECH26JULFUT,61227,KPITTECH,KPITTECH,0,,INR
20260713,XIMC,LAURUSLABS 28 Jul 26 FUT,FUTSTK,FUTURE,100,850,10,,0345-1000|1245-1345,1785232800000000000,NSE:LAURUSLABS26JULFUT,61228,LAURUSLABS,LAURUSLABS,0,,INR
20260713,XIMC,LICHSGFIN 28 Jul 26 FUT,FUTSTK,FUTURE,100,1000,5,,0345-1000|1245-1345,1785232800000000000,NSE:LICHSGFIN26JULFUT,61229,LICHSGFIN,LICHSGFIN,0,,INR
20260713,XIMC,LICI 28 Jul 26 FUT,FUTSTK,FUTURE,100,1400,5,,0345-1000|1245-1345,1785232800000000000,NSE:LICI26JULFUT,61230,LICI,LICI,0,,INR
20260713,XIMC,LODHA 28 Jul 26 FUT,FUTSTK,FUTURE,100,625,5,,0345-1000|1245-1345,1785232800000000000,NSE:LODHA26JULFUT,61231,LODHA,LODHA,0,,INR
20260713,XIMC,LT 28 Jul 26 FUT,FUTSTK,FUTURE,100,175,10,,0345-1000|1245-1345,1785232800000000000,NSE:LT26JULFUT,61232,LT,LT,0,,INR
20260713,XIMC,LTF 28 Jul 26 FUT,FUTSTK,FUTURE,100,2250,5,,0345-1000|1245-1345,1785232800000000000,NSE:LTF26JULFUT,61233,LTF,LTF,0,,INR
20260713,XIMC,LTM 28 Jul 26 FUT,FUTSTK,FUTURE,100,150,10,,0345-1000|1245-1345,1785232800000000000,NSE:LTM26JULFUT,61234,LTM,LTM,0,,INR
20260713,XIMC,LUPIN 28 Jul 26 FUT,FUTSTK,FUTURE,100,425,10,,0345-1000|1245-1345,1785232800000000000,NSE:LUPIN26JULFUT,61235,LUPIN,LUPIN,0,,INR
20260713,XIMC,M&M 28 Jul 26 FUT,FUTSTK,FUTURE,100,200,10,,0345-1000|1245-1345,1785232800000000000,NSE:M&M26JULFUT,61236,M&M,M&M,0,,INR
20260713,XIMC,MANAPPURAM 28 Jul 26 FUT,FUTSTK,FUTURE,100,3000,5,,0345-1000|1245-1345,1785232800000000000,NSE:MANAPPURAM26JULFUT,61237,MANAPPURAM,MANAPPURAM,0,,INR
20260713,XIMC,MANKIND 28 Jul 26 FUT,FUTSTK,FUTURE,100,250,10,,0345-1000|1245-1345,1785232800000000000,NSE:MANKIND26JULFUT,61238,MANKIND,MANKIND,0,,INR
20260713,XIMC,MARICO 28 Jul 26 FUT,FUTSTK,FUTURE,100,1200,5,,0345-1000|1245-1345,1785232800000000000,NSE:MARICO26JULFUT,61239,MARICO,MARICO,0,,INR
20260713,XIMC,MARUTI 28 Jul 26 FUT,FUTSTK,FUTURE,100,50,100,,0345-1000|1245-1345,1785232800000000000,NSE:MARUTI26JULFUT,61240,MARUTI,MARUTI,0,,INR
20260713,XIMC,MAXHEALTH 28 Jul 26 FUT,FUTSTK,FUTURE,100,525,10,,0345-1000|1245-1345,1785232800000000000,NSE:MAXHEALTH26JULFUT,61241,MAXHEALTH,MAXHEALTH,0,,INR
20260713,XIMC,MAZDOCK 28 Jul 26 FUT,FUTSTK,FUTURE,100,225,10,,0345-1000|1245-1345,1785232800000000000,NSE:MAZDOCK26JULFUT,61242,MAZDOCK,MAZDOCK,0,,INR
20260713,XIMC,MCX 28 Jul 26 FUT,FUTSTK,FUTURE,100,225,10,,0345-1000|1245-1345,1785232800000000000,NSE:MCX26JULFUT,61243,MCX,MCX,0,,INR
20260713,XIMC,MFSL 28 Jul 26 FUT,FUTSTK,FUTURE,100,400,10,,0345-1000|1245-1345,1785232800000000000,NSE:MFSL26JULFUT,61244,MFSL,MFSL,0,,INR
20260713,XIMC,MOTHERSON 28 Jul 26 FUT,FUTSTK,FUTURE,100,6150,1,,0345-1000|1245-1345,1785232800000000000,NSE:MOTHERSON26JULFUT,61245,MOTHERSON,MOTHERSON,0,,INR
20260713,XIMC,MOTILALOFS 28 Jul 26 FUT,FUTSTK,FUTURE,100,775,5,,0345-1000|1245-1345,1785232800000000000,NSE:MOTILALOFS26JULFUT,61246,MOTILALOFS,MOTILALOFS,0,,INR
20260713,XIMC,MPHASIS 28 Jul 26 FUT,FUTSTK,FUTURE,100,275,10,,0345-1000|1245-1345,1785232800000000000,NSE:MPHASIS26JULFUT,61247,MPHASIS,MPHASIS,0,,INR
20260713,XIMC,MUTHOOTFIN 28 Jul 26 FUT,FUTSTK,FUTURE,100,275,10,,0345-1000|1245-1345,1785232800000000000,NSE:MUTHOOTFIN26JULFUT,61248,MUTHOOTFIN,MUTHOOTFIN,0,,INR
20260713,XIMC,NAM-INDIA 28 Jul 26 FUT,FUTSTK,FUTURE,100,625,10,,0345-1000|1245-1345,1785232800000000000,NSE:NAM-INDIA26JULFUT,61249,NAM-INDIA,NAM-INDIA,0,,INR
20260713,XIMC,NATIONALUM 28 Jul 26 FUT,FUTSTK,FUTURE,100,1875,5,,0345-1000|1245-1345,1785232800000000000,NSE:NATIONALUM26JULFUT,61250,NATIONALUM,NATIONALUM,0,,INR
20260713,XIMC,NAUKRI 28 Jul 26 FUT,FUTSTK,FUTURE,100,550,5,,0345-1000|1245-1345,1785232800000000000,NSE:NAUKRI26JULFUT,61251,NAUKRI,NAUKRI,0,,INR
20260713,XIMC,NBCC 28 Jul 26 FUT,FUTSTK,FUTURE,100,6500,1,,0345-1000|1245-1345,1785232800000000000,NSE:NBCC26JULFUT,61252,NBCC,NBCC,0,,INR
20260713,XIMC,NESTLEIND 28 Jul 26 FUT,FUTSTK,FUTURE,100,500,10,,0345-1000|1245-1345,1785232800000000000,NSE:NESTLEIND26JULFUT,61253,NESTLEIND,NESTLEIND,0,,INR
20260713,XIMC,NHPC 28 Jul 26 FUT,FUTSTK,FUTURE,100,6950,1,,0345-1000|1245-1345,1785232800000000000,NSE:NHPC26JULFUT,61254,NHPC,NHPC,0,,INR
20260713,XIMC,NMDC 28 Jul 26 FUT,FUTSTK,FUTURE,100,6750,1,,0345-1000|1245-1345,1785232800000000000,NSE:NMDC26JULFUT,61255,NMDC,NMDC,0,,INR
20260713,XIMC,NTPC 28 Jul 26 FUT,FUTSTK,FUTURE,100,1500,5,,0345-1000|1245-1345,1785232800000000000,NSE:NTPC26JULFUT,61256,NTPC,NTPC,0,,INR
20260713,XIMC,NUVAMA 28 Jul 26 FUT,FUTSTK,FUTURE,100,500,10,,0345-1000|1245-1345,1785232800000000000,NSE:NUVAMA26JULFUT,61257,NUVAMA,NUVAMA,0,,INR
20260713,XIMC,NYKAA 28 Jul 26 FUT,FUTSTK,FUTURE,100,3125,5,,0345-1000|1245-1345,1785232800000000000,NSE:NYKAA26JULFUT,61258,NYKAA,NYKAA,0,,INR
20260713,XIMC,OBEROIRLTY 28 Jul 26 FUT,FUTSTK,FUTURE,100,350,10,,0345-1000|1245-1345,1785232800000000000,NSE:OBEROIRLTY26JULFUT,61259,OBEROIRLTY,OBEROIRLTY,0,,INR
20260713,XIMC,OFSS 28 Jul 26 FUT,FUTSTK,FUTURE,100,100,100,,0345-1000|1245-1345,1785232800000000000,NSE:OFSS26JULFUT,61260,OFSS,OFSS,0,,INR
20260713,XIMC,OIL 28 Jul 26 FUT,FUTSTK,FUTURE,100,1400,5,,0345-1000|1245-1345,1785232800000000000,NSE:OIL26JULFUT,61261,OIL,OIL,0,,INR
20260713,XIMC,ONGC 28 Jul 26 FUT,FUTSTK,FUTURE,100,2250,1,,0345-1000|1245-1345,1785232800000000000,NSE:ONGC26JULFUT,61262,ONGC,ONGC,0,,INR
20260713,XIMC,PAGEIND 28 Jul 26 FUT,FUTSTK,FUTURE,100,20,500,,0345-1000|1245-1345,1785232800000000000,NSE:PAGEIND26JULFUT,61263,PAGEIND,PAGEIND,0,,INR
20260713,XIMC,PATANJALI 28 Jul 26 FUT,FUTSTK,FUTURE,100,1075,5,,0345-1000|1245-1345,1785232800000000000,NSE:PATANJALI26JULFUT,61264,PATANJALI,PATANJALI,0,,INR
20260713,XIMC,PAYTM 28 Jul 26 FUT,FUTSTK,FUTURE,100,725,10,,0345-1000|1245-1345,1785232800000000000,NSE:PAYTM26JULFUT,61265,PAYTM,PAYTM,0,,INR
20260713,XIMC,PERSISTENT 28 Jul 26 FUT,FUTSTK,FUTURE,100,125,10,,0345-1000|1245-1345,1785232800000000000,NSE:PERSISTENT26JULFUT,61266,PERSISTENT,PERSISTENT,0,,INR
20260713,XIMC,PETRONET 28 Jul 26 FUT,FUTSTK,FUTURE,100,1900,5,,0345-1000|1245-1345,1785232800000000000,NSE:PETRONET26JULFUT,61267,PETRONET,PETRONET,0,,INR
20260713,XIMC,PFC 28 Jul 26 FUT,FUTSTK,FUTURE,100,1300,5,,0345-1000|1245-1345,1785232800000000000,NSE:PFC26JULFUT,61268,PFC,PFC,0,,INR
20260713,XIMC,PGEL 28 Jul 26 FUT,FUTSTK,FUTURE,100,950,5,,0345-1000|1245-1345,1785232800000000000,NSE:PGEL26JULFUT,61269,PGEL,PGEL,0,,INR
20260713,XIMC,PHOENIXLTD 28 Jul 26 FUT,FUTSTK,FUTURE,100,350,10,,0345-1000|1245-1345,1785232800000000000,NSE:PHOENIXLTD26JULFUT,61270,PHOENIXLTD,PHOENIXLTD,0,,INR
20260713,XIMC,PIDILITIND 28 Jul 26 FUT,FUTSTK,FUTURE,100,500,10,,0345-1000|1245-1345,1785232800000000000,NSE:PIDILITIND26JULFUT,61272,PIDILITIND,PIDILITIND,0,,INR
20260713,XIMC,PIIND 28 Jul 26 FUT,FUTSTK,FUTURE,100,175,10,,0345-1000|1245-1345,1785232800000000000,NSE:PIIND26JULFUT,61273,PIIND,PIIND,0,,INR
20260713,XIMC,PNB 28 Jul 26 FUT,FUTSTK,FUTURE,100,8000,1,,0345-1000|1245-1345,1785232800000000000,NSE:PNB26JULFUT,61274,PNB,PNB,0,,INR
20260713,XIMC,PNBHOUSING 28 Jul 26 FUT,FUTSTK,FUTURE,100,650,10,,0345-1000|1245-1345,1785232800000000000,NSE:PNBHOUSING26JULFUT,61275,PNBHOUSING,PNBHOUSING,0,,INR
20260713,XIMC,POLICYBZR 28 Jul 26 FUT,FUTSTK,FUTURE,100,350,10,,0345-1000|1245-1345,1785232800000000000,NSE:POLICYBZR26JULFUT,61276,POLICYBZR,POLICYBZR,0,,INR
20260713,XIMC,POLYCAB 28 Jul 26 FUT,FUTSTK,FUTURE,100,125,50,,0345-1000|1245-1345,1785232800000000000,NSE:POLYCAB26JULFUT,61277,POLYCAB,POLYCAB,0,,INR
20260713,XIMC,POWERGRID 28 Jul 26 FUT,FUTSTK,FUTURE,100,1900,5,,0345-1000|1245-1345,1785232800000000000,NSE:POWERGRID26JULFUT,61278,POWERGRID,POWERGRID,0,,INR
20260713,XIMC,POWERINDIA 28 Jul 26 FUT,FUTSTK,FUTURE,100,25,500,,0345-1000|1245-1345,1785232800000000000,NSE:POWERINDIA26JULFUT,61279,POWERINDIA,POWERINDIA,0,,INR
20260713,XIMC,PREMIERENE 28 Jul 26 FUT,FUTSTK,FUTURE,100,650,10,,0345-1000|1245-1345,1785232800000000000,NSE:PREMIERENE26JULFUT,61280,PREMIERENE,PREMIERENE,0,,INR
20260713,XIMC,PRESTIGE 28 Jul 26 FUT,FUTSTK,FUTURE,100,450,10,,0345-1000|1245-1345,1785232800000000000,NSE:PRESTIGE26JULFUT,61281,PRESTIGE,PRESTIGE,0,,INR
20260713,XIMC,RBLBANK 28 Jul 26 FUT,FUTSTK,FUTURE,100,3175,5,,0345-1000|1245-1345,1785232800000000000,NSE:RBLBANK26JULFUT,61282,RBLBANK,RBLBANK,0,,INR
20260713,XIMC,RECLTD 28 Jul 26 FUT,FUTSTK,FUTURE,100,1575,5,,0345-1000|1245-1345,1785232800000000000,NSE:RECLTD26JULFUT,61283,RECLTD,RECLTD,0,,INR
20260713,XIMC,RELIANCE 28 Jul 26 FUT,FUTSTK,FUTURE,100,500,10,,0345-1000|1245-1345,1785232800000000000,NSE:RELIANCE26JULFUT,61284,RELIANCE,RELIANCE,0,,INR
20260713,XIMC,RVNL 28 Jul 26 FUT,FUTSTK,FUTURE,100,1925,1,,0345-1000|1245-1345,1785232800000000000,NSE:RVNL26JULFUT,61285,RVNL,RVNL,0,,INR
20260713,XIMC,SAIL 28 Jul 26 FUT,FUTSTK,FUTURE,100,4700,1,,0345-1000|1245-1345,1785232800000000000,NSE:SAIL26JULFUT,61286,SAIL,SAIL,0,,INR
20260713,XIMC,SBICARD 28 Jul 26 FUT,FUTSTK,FUTURE,100,800,5,,0345-1000|1245-1345,1785232800000000000,NSE:SBICARD26JULFUT,61287,SBICARD,SBICARD,0,,INR
20260713,XIMC,SBILIFE 28 Jul 26 FUT,FUTSTK,FUTURE,100,375,10,,0345-1000|1245-1345,1785232800000000000,NSE:SBILIFE26JULFUT,61288,SBILIFE,SBILIFE,0,,INR
20260713,XIMC,SBIN 28 Jul 26 FUT,FUTSTK,FUTURE,100,750,10,,0345-1000|1245-1345,1785232800000000000,NSE:SBIN26JULFUT,61289,SBIN,SBIN,0,,INR
20260713,XIMC,SHREECEM 28 Jul 26 FUT,FUTSTK,FUTURE,100,25,500,,0345-1000|1245-1345,1785232800000000000,NSE:SHREECEM26JULFUT,61290,SHREECEM,SHREECEM,0,,INR
20260713,XIMC,SHRIRAMFIN 28 Jul 26 FUT,FUTSTK,FUTURE,100,825,10,,0345-1000|1245-1345,1785232800000000000,NSE:SHRIRAMFIN26JULFUT,61291,SHRIRAMFIN,SHRIRAMFIN,0,,INR
20260713,XIMC,SIEMENS 28 Jul 26 FUT,FUTSTK,FUTURE,100,175,10,,0345-1000|1245-1345,1785232800000000000,NSE:SIEMENS26JULFUT,61292,SIEMENS,SIEMENS,0,,INR
20260713,XIMC,SOLARINDS 28 Jul 26 FUT,FUTSTK,FUTURE,100,50,100,,0345-1000|1245-1345,1785232800000000000,NSE:SOLARINDS26JULFUT,61293,SOLARINDS,SOLARINDS,0,,INR
20260713,XIMC,SONACOMS 28 Jul 26 FUT,FUTSTK,FUTURE,100,1225,5,,0345-1000|1245-1345,1785232800000000000,NSE:SONACOMS26JULFUT,61294,SONACOMS,SONACOMS,0,,INR
20260713,XIMC,SRF 28 Jul 26 FUT,FUTSTK,FUTURE,100,200,10,,0345-1000|1245-1345,1785232800000000000,NSE:SRF26JULFUT,61295,SRF,SRF,0,,INR
20260713,XIMC,SUNPHARMA 28 Jul 26 FUT,FUTSTK,FUTURE,100,350,10,,0345-1000|1245-1345,1785232800000000000,NSE:SUNPHARMA26JULFUT,61296,SUNPHARMA,SUNPHARMA,0,,INR
20260713,XIMC,SUPREMEIND 28 Jul 26 FUT,FUTSTK,FUTURE,100,175,10,,0345-1000|1245-1345,1785232800000000000,NSE:SUPREMEIND26JULFUT,61297,SUPREMEIND,SUPREMEIND,0,,INR
20260713,XIMC,SUZLON 28 Jul 26 FUT,FUTSTK,FUTURE,100,12700,1,,0345-1000|1245-1345,1785232800000000000,NSE:SUZLON26JULFUT,61298,SUZLON,SUZLON,0,,INR
20260713,XIMC,SWIGGY 28 Jul 26 FUT,FUTSTK,FUTURE,100,1825,1,,0345-1000|1245-1345,1785232800000000000,NSE:SWIGGY26JULFUT,61299,SWIGGY,SWIGGY,0,,INR
20260713,XIMC,TATACONSUM 28 Jul 26 FUT,FUTSTK,FUTURE,100,550,10,,0345-1000|1245-1345,1785232800000000000,NSE:TATACONSUM26JULFUT,61300,TATACONSUM,TATACONSUM,0,,INR
20260713,XIMC,TATAELXSI 28 Jul 26 FUT,FUTSTK,FUTURE,100,125,10,,0345-1000|1245-1345,1785232800000000000,NSE:TATAELXSI26JULFUT,61301,TATAELXSI,TATAELXSI,0,,INR
20260713,XIMC,TATAPOWER 28 Jul 26 FUT,FUTSTK,FUTURE,100,1450,5,,0345-1000|1245-1345,1785232800000000000,NSE:TATAPOWER26JULFUT,61302,TATAPOWER,TATAPOWER,0,,INR
20260713,XIMC,TATASTEEL 28 Jul 26 FUT,FUTSTK,FUTURE,100,2750,1,,0345-1000|1245-1345,1785232800000000000,NSE:TATASTEEL26JULFUT,61303,TATASTEEL,TATASTEEL,0,,INR
20260713,XIMC,TCS 28 Jul 26 FUT,FUTSTK,FUTURE,100,225,10,,0345-1000|1245-1345,1785232800000000000,NSE:TCS26JULFUT,61304,TCS,TCS,0,,INR
20260713,XIMC,TECHM 28 Jul 26 FUT,FUTSTK,FUTURE,100,600,10,,0345-1000|1245-1345,1785232800000000000,NSE:TECHM26JULFUT,61305,TECHM,TECHM,0,,INR
20260713,XIMC,TIINDIA 28 Jul 26 FUT,FUTSTK,FUTURE,100,200,10,,0345-1000|1245-1345,1785232800000000000,NSE:TIINDIA26JULFUT,61306,TIINDIA,TIINDIA,0,,INR
20260713,XIMC,TITAN 28 Jul 26 FUT,FUTSTK,FUTURE,100,175,10,,0345-1000|1245-1345,1785232800000000000,NSE:TITAN26JULFUT,61307,TITAN,TITAN,0,,INR
20260713,XIMC,TMPV 28 Jul 26 FUT,FUTSTK,FUTURE,100,1600,5,,0345-1000|1245-1345,1785232800000000000,NSE:TMPV26JULFUT,61308,TMPV,TMPV,0,,INR
20260713,XIMC,TORNTPHARM 28 Jul 26 FUT,FUTSTK,FUTURE,100,125,10,,0345-1000|1245-1345,1785232800000000000,NSE:TORNTPHARM26JULFUT,61309,TORNTPHARM,TORNTPHARM,0,,INR
20260713,XIMC,TRENT 28 Jul 26 FUT,FUTSTK,FUTURE,100,225,10,,0345-1000|1245-1345,1785232800000000000,NSE:TRENT26JULFUT,61310,TRENT,TRENT,0,,INR
20260713,XIMC,TVSMOTOR 28 Jul 26 FUT,FUTSTK,FUTURE,100,175,10,,0345-1000|1245-1345,1785232800000000000,NSE:TVSMOTOR26JULFUT,61311,TVSMOTOR,TVSMOTOR,0,,INR
20260713,XIMC,ULTRACEMCO 28 Jul 26 FUT,FUTSTK,FUTURE,100,50,100,,0345-1000|1245-1345,1785232800000000000,NSE:ULTRACEMCO26JULFUT,61312,ULTRACEMCO,ULTRACEMCO,0,,INR
20260713,XIMC,UNIONBANK 28 Jul 26 FUT,FUTSTK,FUTURE,100,4425,1,,0345-1000|1245-1345,1785232800000000000,NSE:UNIONBANK26JULFUT,61313,UNIONBANK,UNIONBANK,0,,INR
20260713,XIMC,UNITDSPR 28 Jul 26 FUT,FUTSTK,FUTURE,100,400,10,,0345-1000|1245-1345,1785232800000000000,NSE:UNITDSPR26JULFUT,61314,UNITDSPR,UNITDSPR,0,,INR
20260713,XIMC,UNOMINDA 28 Jul 26 FUT,FUTSTK,FUTURE,100,550,10,,0345-1000|1245-1345,1785232800000000000,NSE:UNOMINDA26JULFUT,61315,UNOMINDA,UNOMINDA,0,,INR
20260713,XIMC,UPL 28 Jul 26 FUT,FUTSTK,FUTURE,100,1355,5,,0345-1000|1245-1345,1785232800000000000,NSE:UPL26JULFUT,61316,UPL,UPL,0,,INR
20260713,XIMC,VBL 28 Jul 26 FUT,FUTSTK,FUTURE,100,1275,5,,0345-1000|1245-1345,1785232800000000000,NSE:VBL26JULFUT,61317,VBL,VBL,0,,INR
20260713,XIMC,VEDL 28 Jul 26 FUT,FUTSTK,FUTURE,100,1150,5,,0345-1000|1245-1345,1785232800000000000,NSE:VEDL26JULFUT,61318,VEDL,VEDL,0,,INR
20260713,XIMC,VMM 28 Jul 26 FUT,FUTSTK,FUTURE,100,4850,1,,0345-1000|1245-1345,1785232800000000000,NSE:VMM26JULFUT,61319,VMM,VMM,0,,INR
20260713,XIMC,VOLTAS 28 Jul 26 FUT,FUTSTK,FUTURE,100,375,10,,0345-1000|1245-1345,1785232800000000000,NSE:VOLTAS26JULFUT,61320,VOLTAS,VOLTAS,0,,INR
20260713,XIMC,WAAREEENER 28 Jul 26 FUT,FUTSTK,FUTURE,100,175,10,,0345-1000|1245-1345,1785232800000000000,NSE:WAAREEENER26JULFUT,61321,WAAREEENER,WAAREEENER,0,,INR
20260713,XIMC,WIPRO 28 Jul 26 FUT,FUTSTK,FUTURE,100,3000,1,,0345-1000|1245-1345,1785232800000000000,NSE:WIPRO26JULFUT,61322,WIPRO,WIPRO,0,,INR
20260713,XIMC,YESBANK 28 Jul 26 FUT,FUTSTK,FUTURE,100,31100,1,,0345-1000|1245-1345,1785232800000000000,NSE:YESBANK26JULFUT,61323,YESBANK,YESBANK,0,,INR
20260713,XIMC,ZYDUSLIFE 28 Jul 26 FUT,FUTSTK,FUTURE,100,900,10,,0345-1000|1245-1345,1785232800000000000,NSE:ZYDUSLIFE26JULFUT,61324,ZYDUSLIFE,ZYDUSLIFE,0,,INR
